E,Ff,Fr,Ft,L1,L2,L3,L4,R1,R2,R3,R4,front_z_fraction,housing_it_grade,pos_tol_front,pos_tol_rear,rear_z_fraction,rho,ri,sigma_y,R2_nominal_mm,bore_catalog_mm,front_bearing,rear_bearing,K_radial_catalog,K_axial_catalog,F_preload_MA_N,speed_ok,speed_warning
213674.62778502417,236.0400791100745,314.71608781661513,1009.7683974643851,60.17288691031443,350.88806842890347,15.512189993172187,19.812800074705198,40.870155815790646,55.01637664937937,72.14745738872051,36.52522442170505,0.10834805032156729,7.451339163943171,0.012920639026818616,0.03708310182924191,0.8343717571434667,7.787143768938817e-09,29.319403970834664,725.0486687402253,55.01637664937937,110.0,B7222-C-T-P4S,NU2222 ECP,317582.1794151407,22801.37460407079,1390.0,True,⚠️  NU2222 ECP: grease 3400 RPM < 4000. Use oil (4500 RPM).
