E,Ff,Fr,Ft,L1,L2,L3,L4,R1,R2,R3,R4,front_z_fraction,pos_tol_front,pos_tol_rear,rear_z_fraction,rho,ri,sigma_y,R2_nominal_mm,bore_catalog_mm,front_bearing,rear_bearing,K_radial_catalog,K_axial_catalog,F_preload_MA_N,speed_ok,speed_warning
213283.38086043746,418.55095786445224,352.5204388341006,1032.8584751969468,63.68640834446394,406.6199696297429,15.011171954743673,18.7615921476356,53.29687044230684,47.49788413131978,74.1388122463179,35.79386045420115,0.11256155215040536,0.006503025134723695,0.011850979054200808,0.7302590707517951,7.874382911591068e-09,33.51819669964847,672.53005562947,47.49788413131978,95.0,7219 BECBP,NU2219 ECP,284514.4411411499,61865.62584199245,1100.0,True,none
