E,Ff,Fr,Ft,L1,L2,L3,L4,R1,R2,R3,R4,front_z_fraction,housing_it_grade,pos_tol_front,pos_tol_rear,rear_z_fraction,rho,ri,sigma_y,R2_nominal_mm,bore_catalog_mm,front_bearing,rear_bearing,K_radial_catalog,K_axial_catalog,F_preload_MA_N,speed_ok,speed_warning
209885.8364473907,992.164660179692,519.05840412611,1012.7039870974551,60.59198293659647,379.12813388560954,31.69385694965289,17.43465706566215,45.76058455303542,59.916803511349556,76.5515851309751,43.66175287622066,0.11116944879853108,6.715094542157446,0.023446586751845983,0.018570390415100165,0.7990931912779492,7.749439514344237e-09,34.62941871902696,688.1087323242513,59.916803511349556,120.0,B7224-C-T-P4S,NU2224 ECP,338998.3195834294,24338.984288120828,1580.0,True,⚠️  B7224-C-T-P4S: grease 3600 RPM < 4000. Use oil (4800 RPM).
