E,Ff,Fr,Ft,L1,L2,L3,L4,R1,R2,R3,R4,front_z_fraction,housing_it_grade,pos_tol_front,pos_tol_rear,rear_z_fraction,rho,ri,sigma_y,R2_nominal_mm,bore_catalog_mm,front_bearing,rear_bearing,K_radial_catalog,K_axial_catalog,F_preload_MA_N,speed_ok,speed_warning
214569.62134702492,929.4258092591303,366.7418737929547,1051.5322652337218,60.871421346475984,410.7455987753347,17.790306871020583,21.943389925224576,53.676269378760516,54.9340319680363,72.47316040118903,36.83831695611807,0.10012715731829516,5.5958707613377925,0.020166682572777855,0.01612601863113189,0.7429544388156551,7.769023148042763e-09,34.93890361225169,664.7789930298704,54.9340319680363,110.0,B7222-C-T-P4S,NU2222 ECP,317582.1794151407,22801.37460407079,1390.0,True,⚠️  NU2222 ECP: grease 3400 RPM < 4000. Use oil (4500 RPM).
