case_id,material,total_length_mm,n_nodes,n_elements,static_max_deflection_mm,static_max_deflection_um,static_max_vonmises_MPa,static_max_shear_MPa,static_factor_of_safety,modal_num_modes,modal_min_frequency_Hz,modal_max_frequency_Hz,freq_mode1_Hz,freq_mode2_Hz,freq_mode3_Hz,freq_mode4_Hz,freq_mode5_Hz,freq_mode6_Hz,var_E,var_Ff,var_Fr,var_Ft,var_L1,var_L2,var_L3,var_L4,var_R1,var_R2,var_R3,var_R4,var_front_z_fraction,var_pos_tol_front,var_pos_tol_rear,var_rear_z_fraction,var_rho,var_ri,var_sigma_y,mode
1,AISI_4140,504.0791420765861,22607,12047,0.009864,9.86,11.53,13.05,58.32,6,572.56,2231.19,572.56,1267.64,1338.29,1385.38,1795.88,2231.19,213283.38086043746,418.55095786445224,352.5204388341006,1032.8584751969468,63.68640834446394,406.6199696297429,15.011171954743673,18.7615921476356,53.29687044230684,47.49788413131978,74.1388122463179,35.79386045420115,0.11256155215040536,0.006503025134723695,0.011850979054200808,0.7302590707517951,7.874382911591068e-09,33.51819669964847,672.53005562947,ansys_mapdl
