case_id,mode,total_length_mm,static_max_deflection_um,static_max_vonmises_MPa,static_factor_of_safety,freq_mode1_Hz,freq_mode2_Hz,freq_mode3_Hz,var_E,var_Ff,var_Fr,var_Ft,var_L1,var_L2,var_L3,var_L4,var_R1,var_R2,var_R3,var_R4,var_front_z_fraction,var_housing_it_grade,var_pos_tol_front,var_pos_tol_rear,var_rear_z_fraction,var_rho,var_ri,var_sigma_y
1,analytical_v2,543.9666617372342,6.627953911676595,9.465916502950716,79.06511884027641,469.8133614967099,1296.6848777309192,2536.9921520822336,204271.52908562776,227.20610060869487,362.7776035588082,1002.7615894969852,66.89346908345794,435.70198682737663,20.74952995675126,20.621675869648342,37.90472919452267,59.94483312657652,71.21233729495606,39.18454650970641,0.11057011334982494,6.058440054248424,0.021108575061200154,0.0363090803040291,0.8392975602324267,7.734118360760333e-09,34.6331357278806,748.423813237932
