case_id,mode,total_length_mm,static_max_deflection_um,static_max_vonmises_MPa,static_factor_of_safety,freq_mode1_Hz,freq_mode2_Hz,freq_mode3_Hz,var_E,var_Ff,var_Fr,var_Ft,var_L1,var_L2,var_L3,var_L4,var_R1,var_R2,var_R3,var_R4,var_front_z_fraction,var_housing_it_grade,var_pos_tol_front,var_pos_tol_rear,var_rear_z_fraction,var_rho,var_ri,var_sigma_y
1,analytical_v2,446.3859454070953,7.195277659082258,2.6347390171427745,275.1880410252168,539.4265655275381,1488.817320856005,2912.903453848706,213674.62778502417,236.0400791100745,314.71608781661513,1009.7683974643851,60.17288691031443,350.88806842890347,15.512189993172187,19.812800074705198,40.870155815790646,55.01637664937937,72.14745738872051,36.52522442170505,0.10834805032156729,7.451339163943171,0.012920639026818616,0.03708310182924191,0.8343717571434667,7.787143768938817e-09,29.319403970834664,725.0486687402253
