case_id,mode,total_length_mm,static_max_deflection_um,static_max_vonmises_MPa,static_factor_of_safety,freq_mode1_Hz,freq_mode2_Hz,freq_mode3_Hz,var_E,var_Ff,var_Fr,var_Ft,var_L1,var_L2,var_L3,var_L4,var_R1,var_R2,var_R3,var_R4,var_front_z_fraction,var_housing_it_grade,var_pos_tol_front,var_pos_tol_rear,var_rear_z_fraction,var_rho,var_ri,var_sigma_y
1,analytical_v2,488.8486308375211,7.319078158641602,2.3115741136235175,297.67971888454986,497.6471478462228,1373.506128055575,2687.2945983696036,209885.8364473907,992.164660179692,519.05840412611,1012.7039870974551,60.59198293659647,379.12813388560954,31.69385694965289,17.43465706566215,45.76058455303542,59.916803511349556,76.5515851309751,43.66175287622066,0.11116944879853108,6.715094542157446,0.023446586751845983,0.018570390415100165,0.7990931912779492,7.749439514344237e-09,34.62941871902696,688.1087323242513
