case_id,mode,total_length_mm,static_max_deflection_um,static_max_vonmises_MPa,static_factor_of_safety,freq_mode1_Hz,freq_mode2_Hz,freq_mode3_Hz,var_E,var_Ff,var_Fr,var_Ft,var_L1,var_L2,var_L3,var_L4,var_R1,var_R2,var_R3,var_R4,var_front_z_fraction,var_housing_it_grade,var_pos_tol_front,var_pos_tol_rear,var_rear_z_fraction,var_rho,var_ri,var_sigma_y
1,analytical_v2,511.3507169180558,7.618326106761405,1.1398190496460394,583.232043047808,510.2870560618231,1408.3922747306317,2755.5501027338446,214569.62134702492,929.4258092591303,366.7418737929547,1051.5322652337218,60.871421346475984,410.7455987753347,17.790306871020583,21.943389925224576,53.676269378760516,54.9340319680363,72.47316040118903,36.83831695611807,0.10012715731829516,5.5958707613377925,0.020166682572777855,0.01612601863113189,0.7429544388156551,7.769023148042763e-09,34.93890361225169,664.7789930298704
